"date","state","fips","cases","deaths","area_sqmi","e_totpop","m_totpop","e_hu","m_hu","e_hh","m_hh","e_pov150","m_pov150","e_unemp","m_unemp","e_hburd","m_hburd","e_nohsdp","m_nohsdp","e_uninsur","m_uninsur","e_age65","m_age65","e_age17","m_age17","e_disabl","m_disabl","e_sngpnt","m_sngpnt","e_limeng","m_limeng","e_minrty","m_minrty","e_munit","m_munit","e_mobile","m_mobile","e_crowd","m_crowd","e_noveh","m_noveh","e_groupq","m_groupq","ep_pov150","mp_pov150","ep_unemp","mp_unemp","ep_hburd","mp_hburd","ep_nohsdp","mp_nohsdp","ep_uninsur","mp_uninsur","ep_age65","mp_age65","ep_age17","mp_age17","ep_disabl","mp_disabl","ep_sngpnt","mp_sngpnt","ep_limeng","mp_limeng","ep_minrty","mp_minrty","ep_munit","mp_munit","ep_mobile","mp_mobile","ep_crowd","mp_crowd","ep_noveh","mp_noveh","ep_groupq","mp_groupq","epl_pov150","epl_unemp","epl_hburd","epl_nohsdp","epl_uninsur","spl_theme1","rpl_theme1","epl_age65","epl_age17","epl_disabl","epl_sngpnt","epl_limeng","spl_theme2","rpl_theme2","epl_minrty","spl_theme3","rpl_theme3","epl_munit","epl_mobile","epl_crowd","epl_noveh","epl_groupq","spl_theme4","rpl_theme4","spl_themes","rpl_themes","f_pov150","f_unemp","f_hburd","f_nohsdp","f_uninsur","f_theme1","f_age65","f_age17","f_disabl","f_sngpnt","f_limeng","f_theme2","f_minrty","f_theme3","f_munit","f_mobile","f_crowd","f_noveh","f_groupq","f_theme4","f_total","e_daypop","e_noint","m_noint","e_afam","m_afam","e_hisp","m_hisp","e_asian","m_asian","e_aian","m_aian","e_nhpi","m_nhpi","e_twomore","m_twomore","e_otherrace","m_otherrace","ep_noint","mp_noint","ep_afam","mp_afam","ep_hisp","mp_hisp","ep_asian","mp_asian","ep_aian","mp_aian","ep_nhpi","mp_nhpi","ep_twomore","mp_twomore","ep_otherrace","mp_otherrace","IncidenceRate"
2020-12-31,"Alabama","01",361226,4827,50647.1077098168,4893186,530,2270398,7241,1888504,31271,1234349,83539,125343,20638,450272,35109,438947,38370,455545,44028,827434,4859,1092912,3004,778062,47896,135232,19420,46887,14209,1701039,30258,166932,16625,296231,28541,31447,9215,111849,17623,117179,16283,2022,202.2,430.1,118.6,1471,191.9,1090.7,134.9,655.7,102.4,1248,12.9,1461,10.4,1262.9,115.9,478.1,117.4,54.1,33.6,2373.8,70,217.4,53.3,1448.4,160.3,112.5,51.6,452,115.5,176.7,40.1,47.2271,42.2219,31.544,49.3442,39.3918,209.729,46.3411,31.8874,31.3681,46.1769,44.4222,26.9112,180.7658,42.6457,45.605,45.605,45.605,26.2725,51.0585,25.6913,38.9244,29.7293,171.676,35.1643,607.7758,45.1926,13,13,5,8,1,40,0,0,16,10,1,27,10,10,4,19,1,9,5,38,115,4848456,767113,75082,1292950,16996,212951,1445,67317,7343,21297,6328,1887,2170,94858,19438,9779,7149,1457.3,10.6,1917.7,42.7,245.6,11.7,51.5,15.4,37.7,14.3,2,10.6,109.9,37.5,9.6,14.1,7.3822249961477
2020-12-31,"Alaska","02",46740,198,571022.120429282,736990,1176,318370,3404,255173,5727,124802,12186,26429,4094,61848,5279,33176,4731,89765,9341,87629,2125,183359,1521,87806,7259,15411,2629,10640,3482,297011,10803,24253,2935,14161,2650,16527,2842,23627,3192,27095,6799,637.8,121.6,272.8,80.8,549.5,103.7,270.3,63.8,516,94.4,400,55.6,725.5,45.2,415,71.2,188.4,55.7,50.7,53.3,1590.6,144.5,146.7,37.4,159,44.6,336.2,70.4,665.7,89.3,246.8,147.3,10.5362,22.0583,8.5771,9.8105,25.7725,76.7546,15.4523,5.4817,17.996,10.7188,15.0746,14.6361,63.9072,11.1097,24.7595,24.7595,24.7595,15.3989,7.4224,26.6639,23.9644,21.8599,95.3095,24.1855,260.7308,18.3374,3,15,0,1,16,35,1,11,1,5,4,22,11,11,3,0,21,16,9,49,117,729972,71516,13857,22720,2359,53059,733,45855,3549,103843,5753,10306,1018,58275,6731,2953,1997,545,36.9,52.3,32.4,172.7,34.2,185.6,41.4,921.8,73,16.8,11.3,235.1,69.7,5.8,15.5,6.34201278172024
2020-12-31,"Arizona","04",523829,8879,113653.36745326,7174064,0,3040595,4301,2643430,15399,1625454,45411,199358,11854,726913,19630,587919,17492,747778,27367,1262204,1231,1639645,616,935769,21935,168805,9195,294903,14685,3290342,17641,355570,11010,313906,12699,116503,8393,153994,8190,157934,10835,441.8,31.4,109.4,16.8,353.8,29,221.5,17.9,164.4,16.2,318.3,1.9,337.9,1,246.9,15.2,96.4,16.5,70.1,9.8,751.5,8.6,67.6,9.3,315.3,21.7,82.4,14.3,91.4,14.2,51.6,6.3,10.1533,11.7118,9.1455,9.7652,9.1844,49.9602,11.2806,7.8933,8.1737,7.7881,9.1501,12.5688,45.574,11.8219,12.6023,12.6023,12.6023,7.5195,11.009,13.1405,7.8696,8.077,47.6156,11.9564,155.7521,12.6288,3,5,2,2,1,13,4,5,2,0,5,16,4,4,2,3,8,1,2,16,49,7074572,797193,36651,305973,7029,2260690,0,233048,5539,272294,6434,13323,1442,187561,12316,17453,4667,293.4,1.5,28.3,2.5,473.2,0,19.6,2.4,197.3,4.6,1.6,1.8,29.9,6,1.8,2.1,7.30170514230149
2020-12-31,"Arkansas","05",225138,3676,51992.8237001371,3011873,0,1379778,6656,1170544,26204,798280,67231,71704,16435,270183,27993,260360,29096,245980,33781,510117,4999,702832,3316,520988,39625,86714,15797,45657,12521,856774,27339,89283,12696,160888,22013,32498,9887,71868,14457,83757,13999,2318,273.3,454.7,149.4,1618.1,257.8,1132.3,165.3,582.5,126,1477.6,23.1,1672.5,19,1566.7,161.6,513.6,146.6,79.9,50.3,1914.1,94.1,226.7,70.2,1240.8,196.3,201,92.7,505,140.3,253.6,60,56.2002,45.7839,35.0138,51.4187,31.5973,220.0139,47.7167,39.7811,39.5315,60.7077,45.6163,29.8844,215.521,53.2938,41.4716,41.4716,41.4716,30.4067,50.1674,45.3812,42.2481,32.7864,200.9898,43.564,677.9963,49.9979,12,9,1,8,0,30,11,4,33,14,3,65,7,7,2,7,9,10,8,36,138,2983518,556657,64720,455485,12415,229629,300,45389,5760,15912,6043,10258,3222,93127,19625,6974,5504,1788.2,19.1,1203.1,45.3,404.3,4.2,47.4,19.5,37.6,24.1,10.3,18.1,203.4,66.8,7.1,16.9,7.47501637685254
2020-12-31,"California","06",2307860,25965,155858.256132664,39346023,344,14210945,15958,13103114,51440,8064060,199490,1229079,54865,4160660,88951,4286538,88785,2806173,98255,5644497,4789,8956641,1767,4146951,91587,786566,40300,3392783,87325,24980878,97364,2509829,54539,515666,30512,1075738,41496,920362,37949,824735,42979,1278.8,103.3,388.8,63.5,1747.4,125.7,856.3,62.1,387.4,55.1,1043.7,18.1,1280.7,11.2,781.1,57.2,343.1,58.9,361.1,39.3,2727.8,51,517.9,50.2,433.1,53.1,330.1,47.1,340.4,52.1,194.3,26,24.3046,40.3756,50.2248,34.4449,18.9737,168.3236,36.0073,23.1276,28.043,19.2159,29.6838,48.9922,149.0625,32.2933,46.4443,46.4443,46.4443,41.7716,19.6222,49.7498,27.5132,30.0768,168.7336,40.6814,532.564,39.5401,2,16,36,10,0,64,10,14,0,4,34,62,24,24,14,0,35,1,4,54,204,39535205,3352083,151024,2142371,34309,15380929,221,5743983,49005,131724,15970,135524,10654,1322199,66565,124148,26195,632.7,6.7,170.7,13.2,1795.2,11.4,434,19,97.7,19.3,15.8,11.4,196.5,27,18.2,17.3,5.86554834271306
2020-12-31,"Colorado","08",335579,4879,103637.015040294,5684926,1611,2361372,8962,2137402,22439,918369,60107,142722,17042,595474,31108,308785,23990,436261,38044,808337,5241,1259031,5126,603587,32205,117376,13928,145793,18079,1847476,28378,393534,20238,92263,12851,54260,9716,106078,12635,119595,15142,1351.7,238.5,309.9,131,1657.6,302.3,526.1,128.3,607.8,161.4,1238.6,91.5,1302.2,87.6,863.3,137.1,307.8,128.8,141.9,94.5,1706.8,165.1,501,92.3,563.9,134.8,148.8,93.9,289.5,117.9,229.5,84.1,24.4439,28.4685,45.953,18.8192,34.8382,152.5228,30.1686,30.3426,24.1197,22.5419,23.1511,40.9244,141.0797,26.4334,38.7632,38.7632,38.7632,36.1986,25.6826,33.5628,21.6521,26.7837,143.8798,27.3355,476.2455,28.2166,4,6,14,1,1,26,10,7,4,2,11,34,1,1,16,0,6,1,4,27,88,5663059,432910,49809,224190,10134,1231126,2818,178265,9046,29337,6699,7794,3212,164556,18864,12208,6235,818.5,51.8,91.1,42.5,1310.3,87.8,76.6,42.9,64.5,44.8,6.2,38.7,147.9,63.1,10.4,38.7,5.90296162166403
2020-12-31,"Connecticut","09",185708,5995,4842.37101940463,3570549,0,1521199,2535,1385437,8138,550656,21628,116234,7995,408148,13352,225550,9614,179066,11096,615466,510,735584,317,398550,13420,89327,5930,128670,8166,1212607,11703,192059,7611,11943,2402,25527,3333,118355,7135,112075,5883,119.4,7,46,4.5,226,10.3,64.3,4.1,34.3,3.2,142.8,0.7,156.2,0,93.4,4.5,47.7,4.4,21.4,2,205.9,3.3,78.8,4.8,9.5,2.2,11.6,2.2,56.6,5.2,32,2,1.0133,5.117,6.8529,2.068,0.8864,15.9376,2.7311,3.2002,1.8682,1.3561,4.3245,6.141,16.89,2.628,4.8653,4.8653,4.8653,6.6601,0.369,2.6269,5.1034,5.4416,20.201,4.1323,57.8939,3.1837,0,0,3,0,0,3,0,0,0,0,2,2,0,0,3,0,0,2,1,6,11,3488565,307335,17384,352036,5862,587212,0,161787,4043,4882,1286,742,436,93146,8323,12802,3381,69.4,0,52.3,1.5,99,0,30,1.2,1.1,0.8,0,0.8,20.9,2.3,2.3,1.1,5.2011049281217
2020-12-31,"Delaware","10",57456,926,1948.55314800692,967679,0,438438,689,370953,2873,170178,8600,28334,2849,99817,4588,63843,3388,55571,4826,182024,23,204207,33,126545,5038,25099,2049,18125,1973,372443,5296,43928,2652,34126,2204,6026,1053,21786,2054,24952,1363,57.1,3.1,17.1,2,82.9,4.2,30.9,1.8,18.8,1.8,60.6,0.1,63.1,0,42.2,1.8,21,1.9,5.9,0.7,108.4,1.8,26.5,2,28.8,1.8,5.3,1,16.8,1.9,7.1,0.5,0.8329,1.9185,2.4924,1.2867,0.8791,7.4096,1.4586,1.4768,1.1658,1.0881,1.9781,2.2945,8.0033,1.8352,2.2403,2.2403,2.2403,2.4105,1.301,1.3459,1.5042,1.583,8.1446,1.8243,25.7978,1.8075,0,0,1,0,0,1,1,0,0,1,0,2,0,0,1,0,0,0,0,1,4,1002985,94351,7482,208126,2977,91350,0,38249,1290,2836,448,290,107,28088,3241,3504,2230,32.8,0,60.9,1,26.7,0,9,0.4,1,0.3,0,0.3,9.5,1.2,1.2,0.7,5.9375061358157
2020-12-31,"District of Columbia","11",28983,786,61.126172108648,701974,0,319192,135,288307,1319,142659,4096,29290,1891,78562,2510,40811,1798,25288,2216,85912,85,126048,85,78625,2288,20028,1171,15671,1294,444182,2558,149343,2095,396,168,10460,1022,102173,2193,38992,0,21.3,0.6,7.1,0.5,27.2,0.9,8.1,0.4,3.7,0.3,12.2,0.1,18,0,11.4,0.3,6.9,0.4,2.4,0.2,63.3,0.4,46.8,0.7,0.1,0.1,3.6,0.4,35.4,0.8,5.6,0,0.3883,0.8253,0.83,0.2619,0.0506,2.3561,0.4488,0.0503,0.1025,0.1404,0.7161,0.8148,1.8241,0.1276,0.9405,0.9405,0.9405,0.9987,0.0019,0.8402,0.9962,0.8364,3.6734,0.9726,8.7941,0.6502,-999,-999,-999,-999,-999,-999,-999,-999,-999,-999,-999,-999,-999,-999,-999,-999,-999,-999,-999,-999,-999,1169083,84541,4138,312661,1578,77981,0,28347,596,1298,153,283,65,20047,1660,3565,958,12.8,0.6,44.5,0.2,11.1,0,4,0.1,0.2,0.1,0,0.1,2.9,0.2,0.5,0.1,4.12878539661013
2020-12-31,"Florida","12",1323307,21672,53652.1487125346,21216924,0,9562324,16367,7931313,69762,4749614,182533,556113,48319,2537519,87964,1751798,82679,2646931,124533,4347912,7146,4214444,4095,2840938,103533,484759,38367,1276274,62523,9885702,81415,1850744,54103,831641,47588,235731,25172,485183,36392,431523,37984,1719.5,166.1,389.9,96.2,1740.8,163.5,942.6,100.7,847.8,101.7,1474.5,20.6,1289.7,14.2,1123,93.4,383.7,84.3,197.6,37,2220.6,63,573.5,49,1457.9,132.4,185.7,60.7,361.6,77.5,410.8,59.2,36.5585,40.7242,45.832,38.9324,49.2963,211.3434,46.6017,39.483,17.1645,37.4561,32.5319,46.6801,173.3156,38.4299,46.1042,46.1042,46.1042,38.9825,44.678,41.0786,30.3941,40.0222,195.1554,45.9679,625.9186,47.6199,9,7,18,9,9,52,15,2,7,4,15,43,6,6,24,25,9,3,21,82,183,21141743,2488195,158223,3231108,46582,5468826,470,579476,20863,39070,10264,10889,5297,465441,53442,90892,27488,1058.9,15.8,935.6,37.8,977.4,4.8,107.4,13,25,12.3,4.8,11.5,149.7,38.2,20.8,16.6,6.23703511404386
2020-12-31,"Georgia","13",644065,10588,57716.934275854,10516579,554,4329675,18639,3830264,61250,2410831,192914,291506,47776,1053052,81640,848653,80398,1345294,121075,1459361,14003,2505314,8823,1286329,96934,305726,43945,264765,41220,5038290,86667,480722,39156,373960,51343,83807,23446,242123,38657,262691,39271,4777.1,628.4,965,345.4,4026.6,646,2639.3,404.6,2233.4,394.3,2783.8,96.1,3550.6,77.5,2535.2,334,1236.5,360.3,237.2,133.2,6097.7,309.9,516.3,168.2,3428.1,490.7,362.8,198.8,1091.4,343.1,650,167.5,109.1313,95.3063,105.4684,112.8212,126.4298,549.157,123.6183,59.3583,87.4953,81.4484,111.178,80.6419,420.1219,96.0577,115.8783,115.8783,115.8783,61.6967,113.4979,83.028,90.8533,73.756,422.8319,92.7019,1507.9891,114.8161,44,23,32,37,39,175,10,16,5,49,13,93,28,28,8,64,14,30,22,138,434,10546827,1302449,164656,3275581,53034,1013057,3745,430473,20814,17433,9609,5441,6294,257880,52694,38425,20176,3371.8,104,4466.2,207.9,1056.4,64.2,210,81.9,28.9,49.5000000000001,9.3,46.1,291.8,130.4,34.8,57.2000000000001,6.12428243062692
2020-12-31,"Guam","66",8286,123,NA,NA,NA,NA,NA,NA,NA,NA,NA,NA,NA,NA,NA,NA,NA,NA,NA,NA,NA,NA,NA,NA,NA,NA,NA,NA,NA,NA,NA,NA,NA,NA,NA,NA,NA,NA,NA,NA,NA,NA,NA,NA,NA,NA,NA,NA,NA,NA,NA,NA,NA,NA,NA,NA,NA,NA,NA,NA,NA,NA,NA,NA,NA,NA,NA,NA,NA,NA,NA,NA,NA,NA,NA,NA,NA,NA,NA,NA,NA,NA,NA,NA,NA,NA,NA,NA,NA,NA,NA,NA,NA,NA,NA,NA,NA,NA,NA,NA,NA,NA,NA,NA,NA,NA,NA,NA,NA,NA,NA,NA,NA,NA,NA,NA,NA,NA,NA,NA,NA,NA,NA,NA,NA,NA,NA,NA,NA,NA,NA,NA,NA,NA,NA,NA,NA,NA,NA,NA,NA,NA,NA,NA,NA,NA,NA,NA,NA,NA,NA,NA,NA,NA
2020-12-31,"Hawaii","15",21459,286,6422.47748908693,1420074,368,546571,964,467932,3703,206044,9287,32187,2711,129028,4719,74875,4236,52807,4248,261207,252,302247,12,156043,4833,21544,2115,58127,3790,1113714,11854,133664,3424,1366,545,40665,2749,37373,2330,43130,2319,67.1,5.2,19.1,9.7,109.5,12.7,31.4,4.1,18.2,9.5,79,3,86.3,0.9,58.6,13.2,18.6,8,14.8,12.3,380.3,22.6,72.7,7,1.6,1.6,34,8.9,25.1,4.1,10.5,3.8,0.7434,1.8539,3.3332,0.8396,0.4952,7.2653,1.1248,2.1194,1.6626,0.9456,1.2374,3.8775,9.8425,1.5398,4.8702,4.8702,4.8702,3.7951,0.0518,3.9115,2.0175,2.3354,12.1113,2.6544,34.0893,2.0035,0,0,0,0,0,0,0,0,0,0,1,1,5,5,3,0,4,0,0,7,13,1418491,132315,8631,25130,1301,152566,10,522125,7232,2100,597,137046,3827,272208,8204,2539,922,46.2,1.3,4.7,1.4,46.7,1.2,126.4,5.9,18.4,14.2,101.3,21.5,82,5.8,0.8,7.7,1.51111843467312
2020-12-31,"Idaho","16",141388,1438,82645.1035616526,1754367,286,737411,3000,649299,11403,369259,34576,35955,7965,160075,15553,100189,12889,179490,21655,277744,3249,444598,1807,233481,19067,32982,6781,29397,8067,326838,11772,43718,6837,57030,9408,16947,5183,25038,5872,30437,5425,1069.1,173.5,192,76.7,1059.9,203.5,512.1,116,549.6,112.9,833.6,36.3,1077,31.4,699.1,104.8,198.9,80.1,121.8,61.2,793.3,63.7,161.4,53.5,514.1,112.4,131.5,67.8,150.3,71.2,78.8,28.4,22.6162,17.2655,26.2336,19.5403,31.0942,116.7498,24.1147,20.2343,28.7894,21.3968,14.4225,25.1049,109.9479,23.2092,20.1985,20.1985,20.1985,18.4617,22.7291,29.1728,9.5472,13.4054,93.3162,14.9425,340.2124,20.8389,1,2,7,5,8,23,9,18,5,0,10,42,0,0,2,1,8,0,2,13,78,1756267,171318,25735,10558,2870,222967,330,23603,3577,18866,4215,2611,1738,44998,8166,3235,2995,574.5,28.7,15,15.1,573.5,19.5,28.1,20.2,66.4,29,6,20.8,95.9,34.4,7.5,22.4,8.05920311998573
2020-12-31,"Illinois","17",965840,17979,55513.1513694854,12716164,0,5373385,12840,4884061,37723,2407940,102127,395142,29298,1302594,49948,898338,41890,854433,52180,1990426,6473,2855433,4052,1404151,55487,307397,24998,472084,25800,4978705,43903,784882,28020,129855,19261,116427,14047,524625,26534,296806,27114,2186.2,252.9,527.2,134.5,2065.7,262,995,144.3,541.2,119.4,1987.3,28.9,2188.4,27.5,1569.3,149.5,585.2,143.7,86.8,54,1380.6,85.4,464.2,99.6,791.5,147.3,147.5,72.6,643.3,148.1,401.5,82.4,40.7907,52.5476,37.8777,38.3234,20.287,189.8264,32.1495,55.3401,44.3718,47.5099,50.2381,37.6944,235.1543,42.4127,33.3258,33.3258,33.3258,52.7686,35.524,33.3567,54.6308,53.9697,230.2498,42.8364,688.5563,34.6558,1,5,4,0,0,10,3,1,5,4,4,17,1,1,9,0,1,11,14,35,63,12771764,1330518,85291,1766586,24429,2190696,683,702457,14174,13301,5010,3305,3105,277509,30009,24851,8583,1493.7,20.1,527.4,49.2,521.9,7.6,124.7,24.6,14.9,17,3.6,22.1,177.8,52.3,9.7,20.9,7.59537231511012
2020-12-31,"Indiana","18",514455,8263,35826.0177926689,6696893,46,2903720,10647,2602770,34464,1394778,98916,159865,25196,600454,44982,476425,42590,528176,56004,1050826,7136,1571013,4611,904460,57167,175675,24387,87181,18318,1443440,38204,227225,24354,135784,22903,42612,12534,162858,22377,189435,23225,1935.4,223.9,390.7,104.4,1850.5,234.9,1050.9,142.1,751.8,128.2,1627.6,19.9,2101.1,17.4,1410,132,529.9,126.8,72.8,41.4,942.6,67.7,408.2,90.9,730,141.4,162.8,72.6,514.2,117.2,252.9,49,35.0922,34.0647,32.5681,43.4681,37.9121,183.1052,32.5251,36.4555,52.3748,42.9625,46.1586,37.1718,215.1232,39.7589,24.3285,24.3285,24.3285,51.249,33.4948,37.5423,40.4596,40.6796,203.4253,35.6816,625.9822,31.3098,0,0,3,2,3,8,0,7,1,1,0,9,0,0,3,0,2,4,7,16,33,6752225,851886,88520,622317,19576,475475,457,157076,11283,10363,4986,1790,2551,159581,25878,16838,10313,1450.3,12.2,252,30.3,390.1,4.4,103.4,20.7,14,14.6,1.5,13.4,166.4,44.2,14.8,19.2,7.68199521778234
2020-12-31,"Iowa","19",281712,3891,55853.3951835905,3150011,0,1407819,8281,1273941,22691,579745,54028,65738,13669,276323,26488,158401,19823,145633,26721,537401,4397,728487,3890,365878,31184,73530,13669,47602,13509,472065,21077,139920,15856,51133,11477,21368,7255,72384,13731,97553,15877,1891.8,263.4,341.4,113.7,1891.2,276.9,799.1,142.9,504.8,130.8,1986.8,23.1,2258.2,25.4,1282.9,148.7,489.5,142.3,119.7,67.5,964.1,82.1,484.3,121.2,396.3,116.6,148.5,77.3,527.4,150.3,298.6,78.3,29.4841,24.7497,29.5833,25.0451,17.4365,126.2987,16.6869,59.0482,57.0903,27.7648,35.93,45.0776,224.9109,38.8161,24.8036,24.8036,24.8036,55.6132,18.241,30.7285,43.2099,53.3627,201.1553,31.917,577.1685,21.0566,0,0,2,1,1,4,1,6,0,1,5,13,0,0,5,0,4,2,6,17,34,3099703,380272,48433,114312,10680,194407,229,78873,7030,8055,3435,3644,2456,69541,14435,3233,3708,1426.5,12.6,142.4,36.7,497.3,3,119.8,28,24.9,18.5,8.5,19,162.5,54.5,7.4,18.6,8.9432068649919
2020-12-31,"Kansas","20",225455,2741,81758.5571447071,2912619,1214,1280376,7701,1141985,20751,559965,49480,61359,11719,267301,23769,165373,19789,249223,29142,460917,5866,705972,4456,371225,28885,69047,11964,59645,12903,718631,21867,107869,12410,53946,11261,23759,7306,59605,11194,79708,13072,2292.7,412.9,342.5,164.9,2080.1,413.7,1011.3,234.8,961.5,246,2112.5,87.9,2472.4,91.2,1609.8,244.8,534.5,210.7,173.2,137.5,1709.9,166.9,356.3,138.5,732.1,222.1,174.8,128.9,460.5,190.1,326.7,122.8,43.6582,25.477,37.2766,34.2094,53.1708,193.792,32.6548,60.805,65.7499,49.0071,41.7071,43.9589,261.228,53.8415,42.4628,42.4628,42.4628,46.1476,34.1612,38.4196,33.8211,54.9905,207.54,31.5928,705.0228,34.0114,0,1,4,8,5,18,10,16,6,4,10,46,4,4,5,0,6,2,7,20,88,2940878,324496,45104,159797,10104,351602,1376,85734,6792,17788,4984,1889,2433,95843,14542,5978,4567,1621,32.1,190,61.2,1081.3,54.5,88.4,54.1,72.7,48.9,6.2,53.6,260.5,89.7,9.5,51.7,7.7406279365753
2020-12-31,"Kentucky","21",268828,2956,39491.5921320802,4461952,0,1994554,11034,1748053,36394,1131754,101461,113295,24365,405120,41493,389642,44403,246078,46567,729928,8349,1007619,6855,768194,59274,116181,22386,42989,15602,710214,34709,131162,16886,229862,31906,35156,12691,122132,22151,131825,23898,3691.5,457.6,733.399999999999,252.3,2569.3,426.3,2010.2,297.5,719.6,205.8,2132.5,46.4,2689.6,42.6,2512.8,273,727.2,227.1,55.2,71.7,1059.2,140.6,316.5,108.4,2257.2,348.7,257.8,146.3,827.5,238.5,363.8,111.1,83.9584,72.6232,53.9137,84.5966,31.2627,326.3546,68.7725,48.0326,65.1102,90.9304,64.7926,32.0886,300.9544,63.4974,27.6914,27.6914,27.6914,43.5549,81.7593,60.0229,70.7711,57.2121,313.3203,67.327,968.3207,63.404,33,20,2,34,1,90,1,4,42,8,0,55,0,0,3,31,5,18,10,67,212,4472615,614289,86077,356048,19086,167949,2741,67524,9049,7075,5304,2691,3286,99577,22310,9350,7337,2273.2,24.1,438.4,76,298.3,26,71.7,36.3,21.6,29.4,4.8,27.8,210.8,82.0999999999999,14.1,32.1,6.02489672681374
2020-12-31,"Louisiana","22",315275,7488,43210.2097395433,4664616,126,2074664,8863,1751956,32226,1293988,87567,142088,23686,460329,38227,444176,40391,395259,44379,719544,5582,1097559,2710,698938,48741,146732,21559,61479,14741,1943978,35196,154396,16976,268391,27729,39791,11709,144753,21333,129391,20090,2064.3,212.8,452.4,130,1430.4,206,1098.5,138.3,547.5,104.8,1051.9,16.6,1492.4,13.9,1082.9,113.1,545.6,134.6,57.7,35.5,2487.7,75.8,196.6,56.4,1348.3,167.4,158.6,76.5,504.3,121.6,330,66.9,47.4618,46.0899,32.408,48.6176,31.8264,206.4037,46.2686,19.0399,41.4849,36.328,52.5492,27.8972,177.2992,42.8401,48.3578,48.3578,48.3578,24.4261,47.9555,36.7682,44.05,35.2298,188.4296,44.976,620.4903,48.8623,17,19,6,14,0,56,0,3,7,25,1,36,9,9,3,18,4,20,13,58,159,4703980,751769,77119,1489071,21726,243372,1372,79976,6601,23328,5671,1527,2539,93782,22514,12922,8130,1400.3,29.4,2026.7,47.4,238.8,11,53.7,15.1,36,14.7,1.4,12.5,115.7,41.3,14.8,17.4,6.75886289460912
2020-12-31,"Maine","23",24201,347,30845.0822029471,1340825,0,746793,2237,569551,8304,250932,18860,28442,4897,143595,9995,66525,6841,101045,11189,276567,1229,250967,474,210077,11463,27076,4366,6206,2333,98712,6418,37720,4637,62296,6250,8195,2304,38549,5463,36347,4514,348,29,72.3,15.3,398.1,33.5,117.1,13.9,141.6,17.2,358.1,2.1,295.2,1.2,277.6,17.9,74.7,14.8,5.7,4,103.2,8.6,60.3,10,148.4,16,22,7.2,107.1,19,41.1,6.9,6.5407,6.588,11.3023,3.2393,8.2505,35.9208,6.7116,11.785,2.2488,9.5342,4.9851,4.2436,32.7967,4.1467,2.5874,2.5874,2.5874,8.4333,7.106,5.2053,10.1622,8.7231,39.6299,7.9995,110.9348,5.5215,0,0,0,0,0,0,2,0,3,0,0,5,0,0,0,0,0,0,0,0,5,1302659,151699,15581,17761,2305,23143,0,15157,1894,8011,1623,159,315,32198,4749,2283,1886,217.9,1.1,13.6,2.9,26,0,13,2.3,12.6,2.3,0,1.7,35.8,6.4,2.4,2.4,1.80493352972983
2020-12-31,"Maryland","24",276834,5895,9711.19725865803,6037624,0,2459650,5169,2230527,15720,865471,46016,167571,14242,574605,24195,393028,21308,352186,24329,930875,1954,1340766,723,659640,26321,153386,12652,182068,14024,3009130,29421,418761,16215,32954,6020,50481,7220,196074,12468,140207,12299,399.1,36.3,122,19.7,615.2,46.6,232,22.6,120.8,16.6,424.4,3.4,509.5,1,309.5,21.9,159.5,23.4,40.5,8.1,801.1,18.9,260.2,21.7,72.4,14.5,39.2,11.3,170.3,22.9,86.5,12.2,5.5888,11.695,15.9106,8.806,4.1222,46.1226,8.2623,8.7821,10.4378,6.8723,14.7725,14.5836,55.4483,9.9195,15.7773,15.7773,15.7773,18.8591,3.3445,9.067,13.3916,11.5762,56.2384,10.8961,173.5866,9.8648,0,1,7,0,0,8,3,0,0,4,2,9,4,4,8,0,0,2,3,13,34,5769022,508575,40028,1773702,16848,619418,0,382027,9368,11223,2748,1954,1042,196537,19984,24269,7427,260,1.8,479.3,11.6,152.8,0,81,4.7,4.2,2.6,0.2,2.4,77.5,13.3,6.1,3.6,4.5851480648679
2020-12-31,"Massachusetts","25",375178,12423,7800.9580511116,6873003,0,2913009,4574,2646980,13466,1036734,37976,193769,12715,735616,22713,429794,17113,185687,15585,1136566,1434,1361970,977,795507,23626,157614,10595,297233,15696,2007981,24130,452539,14676,23453,3783,53397,5956,323461,13009,248305,11285,220.8,15.3,73.3,9.5,398.2,22.2,111.6,8.7,43.8,7.7,262.5,3.5,259.8,2.6,175.4,11.6,77.2,9.1,47.5,5.7,337.9,10.7,153.5,8.5,13.9,3,24,5.6,140.5,12.8,53.4,4.5,2.4637,7.7636,11.7625,3.5458,0.6472,26.1828,4.2728,6.112,2.7473,3.4444,6.4503,11.0152,29.7692,4.5158,8.0908,8.0908,8.0908,10.6198,0.5278,5.7348,10.7414,8.8779,36.5017,8.0366,100.5445,5.393,0,0,5,0,0,5,1,0,0,0,3,4,0,0,4,0,0,5,1,10,19,7111080,554343,32750,466288,12026,828140,0,462831,7304,8943,2479,2327,1417,185469,16173,53983,9665,128,0.3,79.6,5.5,142.8,0,58.8,2.6,4.2,2.8,0.4,1.5,40.8,6.7,11.2,3.8,5.45872015478532
2020-12-31,"Michigan","26",526668,13010,56608.1919390139,9973907,0,4611913,11615,3980408,36227,2128590,90680,298142,27080,996123,44059,596313,34642,528400,44845,1712841,4391,2161763,1625,1400782,53380,248347,21107,134740,17018,2545285,44083,405110,25219,248336,23683,63923,11012,300167,23507,225743,23775,1925.4,153.6,487.8,92.4,1887.6,161.5,732.7,82.7,519,79.1,1807,14.3,1636.8,8.3,1377.8,95.9,410.8,78.1,49.7,29.7,1052.7,60.3,393.5,56.2,731.3,81.8,126.9,40.7,532.3,91.5,255.9,50.7,39.3848,51.8541,44.869,26.1725,23.6117,185.8921,35.1115,51.6499,24.4339,45.6795,30.8783,28.0977,180.7393,28.2178,27.5679,27.5679,27.5679,45.7376,33.8148,29.6878,47.9406,39.6384,196.8192,37.8335,591.0185,31.7183,1,7,3,0,0,11,20,0,7,1,0,28,0,0,9,1,0,5,6,21,60,9791932,1155967,79330,1342592,22449,521203,76,314736,11157,42931,8659,2675,2332,293901,29729,27247,13156,1262.3,8.8,313.7,26.8,309.5,1.7,87.8,13.3,106.6,23.9,1.9,11.3,220.5,39,12.6,16,5.28045829984178
2020-12-31,"Minnesota","27",415361,5382,79626.6485020922,5600166,4,2458030,9230,2207988,21837,872530,55638,117117,15908,506437,29715,252331,22044,251900,28144,887576,3713,1299284,1915,603886,33363,122593,15280,102281,14073,1177676,29698,392946,21667,78558,11188,50051,9137,145467,14917,130618,16181,1575.7,172.2,322.7,85.5,1835,202.2,654.1,99.1,447.3,87.1,1717.7,17.6,1995.6,16.2,1094.2,100.8,452.5,107.8,99.5,47,1084.8,70.4,736.2,118,466.2,83.5,155.7,62.8,478.8,109.1,223.6,55.7,22.5886,24.7844,37.1566,18.7559,15.8926,119.1781,16.4435,47.4726,51.7002,21.781,35.3338,38.7701,195.0577,32.242,29.5363,29.5363,29.5363,68.0015,21.2684,36.029,40.8679,42.2984,208.4652,40.0071,552.2373,23.5273,1,1,0,1,0,3,8,7,0,2,4,21,0,0,14,1,2,1,2,20,44,5697651,500680,47973,354540,13509,307675,69,273100,9385,48409,6433,1905,2211,174553,20090,17494,7962,1155.7,8.39999999999999,151,23.1,414.2,1,135.7,20.2,156.8,25.3,4.3,14.6,209.7,48.4,12.1,15.6,7.41694085496751
2020-12-31,"Mississippi","28",215811,4787,46923.9366064861,2981835,408,1330867,7443,1116649,30377,889845,82717,95379,21747,278427,33372,291035,37055,350002,46585,474270,4913,707221,3461,481724,44603,100070,19574,20901,12320,1300897,26167,63765,13117,196736,27218,26463,10470,71226,17182,94430,17366,2913.7,338.7,632.4,209,1936.3,326.4,1459.6,228.4,1042.1,190.4,1408.6,24.8,1908.4,16.5,1525.3,185.7,721,194.1,49.9,56.9,3796.4,116.9,230.1,84.4,1633.2,256.7,210.3,112,612,185.3,316.3,83.5,67.5591,60.9534,47.1322,63.5395,61.9934,301.1776,68.2583,28.9939,52.1172,55.0717,64.1881,26.5367,226.9076,54.2911,65.1525,65.1525,65.1525,29.9337,60.4589,48.5106,52.4581,41.159,232.5203,53.1719,825.758,65.8215,41,31,13,25,4,114,0,8,19,34,1,62,25,25,2,21,7,18,11,59,260,2932162,566440,76587,1118689,16686,94342,2272,29561,6132,12897,3582,1090,2760,39179,14392,5139,5490,2073.3,37.4,3410.1,79.6,203.2,21.7,42.9,26.8,42.1,20.5,2.3,22.2,85.1,49,10.2,26.8,7.23752320299413
2020-12-31,"Missouri","29",418637,5887,68746.4509400449,6124160,0,2804664,11779,2440212,37932,1294086,97819,138673,23614,588211,43584,393045,39746,565099,62085,1033384,7113,1379423,5585,865039,55550,154390,22103,51760,16197,1297217,37791,234382,20869,166747,24733,44046,12830,161814,21776,172576,25764,3089.3,377.4,527.8,179,2478.4,369,1449.1,225.2,1336.6,242.9,2254.8,34.9,2591,34.3,1998.9,213.9,632.3,188,62.5,71.5,1182.3,112.9,357.6,101,1326.1,227.3,235.6,114.6,692,191,393.8,95.7,69.3497,48.4393,52.5333,62.7646,76.047,309.1339,64.12,60.9762,64.1917,66.602,52.4454,33.2392,277.4545,54.5503,30.2691,30.2691,30.2691,44.3223,58.0102,54.7855,58.7569,58.0855,273.9604,52.8473,890.8179,54.8929,11,4,3,6,11,35,8,2,19,4,0,33,1,1,7,2,5,6,14,34,103,6104904,780730,87541,692510,17684,262677,856,122506,10284,20646,7833,7876,3711,178162,27116,12840,7522,2150.7,20.2,402.8,46.5,355.1,12.4,86.5,29.7,51.7,33.8,11.5,25.6,261.8,76.6,11.8,28.8,6.83582728080259
2020-12-31,"Montana","30",81701,962,145550.289438207,1061705,2275,514956,4134,436048,10351,227942,24420,22541,5817,112992,12186,44228,8103,87857,14278,198119,3211,228589,2682,143608,13964,21454,5319,2518,3871,152923,10151,33010,5871,52522,7937,8196,3062,21812,5843,28885,6052,1349.4,250.4,223.7,106.2,1195.8,256.4,420.1,120.8,536.2,149.2,1239.6,91.6,1192.7,89.6,873.8,149.6,220.2,111.6,16.4,88.7,817.6,116.9,182.2,87.1,734,169.2,117.3,82.9,271.7,133,155.9,62.7,27.0028,18.5477,25.1503,12.0735,27.0857,109.86,19.3717,37.5369,22.7596,27.105,14.6786,9.9189,111.999,15.0145,18.924,18.924,18.924,22.8145,32.3355,23.9635,20.7924,24.9274,124.8333,22.9937,365.6163,16.8028,5,5,4,1,5,20,18,7,3,2,0,30,4,4,1,1,5,3,3,13,67,1042270,132244,23096,4931,2021,41501,1061,8527,2440,62720,5299,552,1039,33029,6624,1663,2178,971.6,38,16.3,44.1,178.1,47.6,32,39.7,441.9,58.2,2.1,47,142.6,70.9,4.7,47.5,7.69526375028845
2020-12-31,"Nebraska","31",167795,1690,76817.8398350661,1923826,2474,844248,5572,766663,13256,343829,31290,35114,7031,176880,15355,106184,12683,154287,18720,302031,4024,475103,3536,218941,17539,45603,8038,47277,10393,416699,12440,99472,8879,27504,7168,15006,4682,40769,7217,51208,8298,1830.3,381.7,231.7,151.1,1744,388.6,732,195.1,750.3,220.6,2028.3,136.2,2134.2,124.6,1276.9,215.6,397.9,191.9,137.8,177.8,1080.3,165.4,316,153,598.4,206.3,151,143.8,366.6,180.8,231.4,108.3,29.8378,14.3748,27.9387,22.0796,40.0579,134.2888,19.2705,61.7073,55.1074,31.4567,27.484,41.1733,216.9287,40.2598,26.6146,26.6146,26.6146,39.0125,27.512,32.9378,26.0975,38.7185,164.2783,22.1418,542.1104,20.3855,0,1,1,3,1,6,22,8,0,2,6,38,1,1,3,0,6,1,5,15,60,1975490,191587,27503,89744,5261,214952,1116,47539,4161,13378,3377,1051,1487,47433,7609,2602,2593,1369.9,51.5,87.3,71.8,669.9,72.9,54.5,69,113.4,59.4,3.5,73.3,144,78.9,5.7,68.9,8.72194262890719
2020-12-31,"Nevada","32",225165,3136,109860.406799137,3030281,492,1268533,2731,1130011,7095,655612,22465,100222,6410,360661,10563,273999,9142,334130,12894,478020,2026,687513,1765,375254,11664,79684,5247,157271,6964,1570122,12201,184433,6004,67090,5840,47310,3510,82002,4588,37525,3176,376.1,85.5,96,37.5,409.3,91.6,203.5,47.2,166.8,45.1,353.3,37,351.2,31.7,268.5,47.8,100.6,41.6,40.2,24.4,505.4,51.7,86.7,27.9,419.4,69.9,44.9,26.1,93.2,47.6,75.5,16.5,7.0088,9.1704,10.2538,8.7179,10.0999,45.2508,9.3931,9.3375,6.6267,8.1767,8.4067,11.0235,43.5711,9.4542,11.2013,11.2013,11.2013,8.1778,12.3772,10.1233,6.6726,6.3755,43.7264,9.497,143.7496,10.045,1,4,3,0,0,8,5,4,1,1,3,14,1,1,4,6,2,1,3,16,39,3148408,351741,19100,271744,4885,875798,970,246904,4189,25928,2439,19401,1287,118766,8249,11581,2676,231.7,17.9,44.6,12.9,315.3,30.6,33.9,12.2,57.8,15.7,2.4,11.2,48,16.5,3.1,11.6,7.43049901972787
2020-12-31,"New Hampshire","33",44028,759,8953.74938713376,1355244,0,638611,1747,539116,6136,166546,13530,28479,4146,143964,8624,65455,5583,80071,8471,245142,1024,257731,638,170907,9514,25070,3810,12144,2519,141215,5522,62869,4934,36177,4046,7899,1900,26791,3890,41423,3850,152.1,15,38.6,7.6,274.4,20.7,73.2,8,65.5,8.9,202.8,1.4,180.3,0.9,143.2,10,44.2,8.7,5.4,2.1,79.8,5.1,75.1,8.5,71.6,8.3,13.6,4.2,52.5,9.7,37.9,4.1,1.5068,2.9901,8.2315,2.0186,3.2088,17.9558,2.7954,5.775,1.2554,3.7527,2.6708,3.2152,16.6691,1.0526,2.2213,2.2213,2.2213,7.5218,3.5012,3.0867,4.4043,5.6899,24.2039,4.825,61.0501,2.2323,0,0,1,0,0,1,1,0,0,0,0,1,0,0,1,0,0,0,0,1,3,1313449,104639,12049,18343,2265,52792,0,36398,2285,1895,967,320,352,29425,3929,2042,1463,98.9,0.4,11,2.2,26.5,0,19.2,1.9,2,1.4,0.3,1,19.8,3.7,1.3,1.2,3.2487138847322
2020-12-31,"New Jersey","34",479381,19042,7354.75570607081,8885418,0,3628732,6132,3272054,18480,1373150,60728,271795,19462,978286,34060,600761,26857,662917,37828,1442938,1785,1953453,788,915815,33174,196489,15070,503869,26346,4026611,30352,577368,23065,33411,5380,107201,10467,367585,18281,182577,14628,329.2,18.1,124.5,10.9,619.5,26.4,198.1,10.7,143.1,10.4,356.9,2.2,452.6,0.2,233.6,10.3,124.6,11.9,103.2,7,819.3,8.5,277.7,14.3,28.1,4.8,56,6.9,203,13.2,49.6,4.9,4.221,13.6064,17.3571,7.2082,6.8439,49.2366,9.5934,6.8338,9.225,3.3961,10.4898,17.4529,47.3976,8.2125,15.4316,15.4316,15.4316,18.3474,1.1752,11.256,14.5477,9.8397,55.166,11.8024,167.2318,10.6483,0,1,10,0,0,11,1,0,0,2,10,13,5,5,12,0,4,8,1,25,54,8937160,796940,52848,1121134,15563,1815078,0,851568,10943,10290,3010,2122,1265,184111,19612,42308,10955,191.1,0.2,238,4.4,372.8,0,153,2.7,2.7,2.1,0.1,2.1,44.3,5.6,7.9,2.5,5.39514291843107
2020-12-31,"New Mexico","35",142897,2479,121312.692774125,2097021,236,943568,3826,792755,13774,608500,39090,62580,10058,212108,15689,191076,15958,194896,20085,364900,2953,483454,2558,326097,20725,56825,8358,78216,11080,1327882,13728,62366,7285,158040,13378,27042,5439,45059,7236,42919,7174,1073.9,140.7,227.6,92,751.5,134,495.3,81.5,289.3,67.9,690.9,35.3,735.6,41.4,640.4,83.7,216.4,71.9,106.3,46.7,1988.1,79.9,106,36.9,794.8,96.6,100.7,42.3,189.3,70.7,108.3,28,25.7204,23.2259,18.2312,21.6903,15.8875,104.7553,23.4803,17.8879,16.5218,22.8162,19.5314,25.736,102.4933,26.9972,29.7409,29.7409,29.7409,14.1897,26.4522,20.4267,16.0795,16.2774,93.4255,21.5715,330.415,26.3689,12,8,3,4,1,28,8,8,9,8,9,42,19,19,1,13,4,3,2,23,112,2073272,391365,33810,37975,4032,1031788,953,31328,3280,179881,5925,1408,1240,39568,8555,5934,3324,793.1,30.1,46,29,1607.4,38.2,28.2,20.8,234.9,30.1,5.6,17.3,53,27.3,12.6,18.4,6.81428559847517
2020-12-31,"New York","36",979040,37557,47123.5641034738,19514849,807,8362971,15538,7417224,46640,4028229,130750,570570,37175,2291816,68752,1743890,59851,1037271,59364,3221702,4597,4071142,1882,2226768,69448,471466,31144,1235015,42761,8748552,63563,2378313,41124,189677,20657,375191,22875,2149235,44997,569176,35257,1313.7,88.9,323.6,46.8,1603.4,106.5,649.3,55.2,298,41.1,1155,8.49999999999999,1241.5,3.6,866.1,53.6,338,48.4,131.5,18,1220.2,32.8,575.1,40.3,443.6,46.1,136.8,27.7,751.6,63.4,279.9,29,24.0778,33.2964,43.4563,25.9181,9.2155,135.9641,24.8296,28.6952,18.3423,22.6814,27.358,35.8565,132.9334,19.9479,27.8486,27.8486,27.8486,41.1999,20.6304,26.3004,50.16,41.7872,180.0779,43.2326,476.824,28.6315,1,1,10,2,1,15,1,1,0,1,9,12,3,3,10,0,6,27,8,51,81,20525413,2205471,114142,2737471,32929,3720707,107,1657284,21861,42429,7968,5537,3363,467416,41694,117708,21624,825.7,4.2,355.6,16,498.8,0.5,179.6,9.59999999999999,22.4,7.29999999999999,1.1,7.09999999999999,143.6,23.6,18.1,10.1,5.01689764548012
2020-12-31,"North Carolina","37",541070,6811,48622.9931116014,10386227,192,4687122,14506,4031592,54178,2377237,149446,278344,40679,1052219,69042,815216,64885,1084103,87606,1688354,9148,2301596,4488,1363146,82589,277509,34701,222018,34215,3882935,65439,424007,32488,581328,51318,90029,20746,223909,31721,279287,32027,2677.1,260.4,598.2,148.2,2538,281.7,1394.9,165.6,1142.9,150,1999,30.2,2063.2,18.8,1679.2,152.7,649.8,144.1,161.2,56.2,3255.8,105.1,383.3,72.5,1929.8,209.1,216.6,83.2,597.3,136.1,320.8,60,60.2709,62.6259,68.0656,61.7285,68.938,321.6289,71.2367,54.7966,36.9346,58.0428,58.4824,62.9943,271.2507,64.3493,65.7192,65.7192,65.7192,43.9425,72.0636,53.3569,51.0209,48.2221,268.606,58.817,927.2048,69.2436,7,12,22,8,3,52,14,3,5,13,7,42,14,14,8,16,3,9,9,45,153,10440871,1327507,131141,2182623,38338,991051,304,306140,14696,108223,11182,6249,4373,258314,42650,30335,17187,1781.4,20,1990.5,66.3,750.6,5.7,123,21,154.9,22.9,5.4,15.4,212,63.4,18,20,5.20949522863307
2020-12-31,"North Dakota","38",92502,1299,68995.8316249228,760394,1054,376597,4088,320873,8572,128852,15926,12861,3738,67058,8416,34308,6657,53835,10631,116406,2840,178029,2312,81310,9497,16444,4334,4687,3774,124110,8495,77008,7031,26920,5312,6901,2902,16515,4137,25410,5190,972.2,196.6,147.3,72.7,861.1,202.2,470.3,121.8,405,122.9,1121.1,75.6,1215.1,74.1,674.9,118.3,238.8,108.2,28.3,73.9,716.7,99.3,399.1,99.8,482.9,123,98.7,74.6,225.8,100.7,152.4,76,13.0606,8.9122,8.9406,16.6618,18.0134,65.5886,8.4932,33.1682,28.0683,14.1239,15.6812,15.1935,106.2351,13.8185,16.3205,16.3205,16.3205,30.7579,21.8187,18.1463,16.2816,28.4106,115.4151,20.4115,303.5593,10.72,3,1,0,0,4,8,12,7,0,3,0,22,3,3,12,0,7,2,1,22,55,807224,95070,16168,23459,2786,30325,899,11831,2183,37170,3563,983,1398,19122,5216,1220,1810,854.8,25.8,54.2,35.7,174.8,37.3,33.3,32.8,340.6,44.4,3.4,31.3,104.4,51.6,5.9,34.7,12.1650091926028
2020-12-31,"Northern Mariana Islands","69",122,2,NA,NA,NA,NA,NA,NA,NA,NA,NA,NA,NA,NA,NA,NA,NA,NA,NA,NA,NA,NA,NA,NA,NA,NA,NA,NA,NA,NA,NA,NA,NA,NA,NA,NA,NA,NA,NA,NA,NA,NA,NA,NA,NA,NA,NA,NA,NA,NA,NA,NA,NA,NA,NA,NA,NA,NA,NA,NA,NA,NA,NA,NA,NA,NA,NA,NA,NA,NA,NA,NA,NA,NA,NA,NA,NA,NA,NA,NA,NA,NA,NA,NA,NA,NA,NA,NA,NA,NA,NA,NA,NA,NA,NA,NA,NA,NA,NA,NA,NA,NA,NA,NA,NA,NA,NA,NA,NA,NA,NA,NA,NA,NA,NA,NA,NA,NA,NA,NA,NA,NA,NA,NA,NA,NA,NA,NA,NA,NA,NA,NA,NA,NA,NA,NA,NA,NA,NA,NA,NA,NA,NA,NA,NA,NA,NA,NA,NA,NA,NA,NA,NA,NA
2020-12-31,"Ohio","39",700380,8962,40858.7422575546,11675275,124,5217090,13801,4717226,43284,2464759,126095,313829,35053,1151505,58866,738770,51692,708532,69048,1990621,7271,2593988,3959,1612446,74587,319942,30959,115238,21185,2533905,53053,504877,31335,191217,26377,64401,14370,365855,31295,314246,30649,1914.1,173.5,426.1,87.8,1872.9,179.5,928,101,587.5,94.4,1604.5,13.8,1965,9.7,1367.5,99.1,506.9,95,47,25.8,928.4,52.3,410.4,65.1,717.2,104.1,120.7,47.2,582.3,99.8,256.7,40,36.107,41.736,38.588,35.9279,25.8446,178.2035,32.3542,38.4697,46.562,42.0803,44.4223,30.2686,201.8029,35.3928,24.2703,24.2703,24.2703,49.7098,31.3267,27.0357,50.3409,42.7976,201.2107,36.9172,605.4874,30.9077,1,1,2,2,1,7,1,2,5,1,0,9,0,0,4,2,0,5,4,15,31,11817564,1324745,105902,1422412,29175,459939,477,266601,14578,14901,6360,3367,3430,335761,35972,30924,14895,1273.3,6.69999999999999,360.3,27.7,252.6,2.9,90.8,13.6,12.2,11,2.6,10.3,195.4,35.5,13.4,13.9,5.99883086265634
2020-12-31,"Oklahoma","40",290936,2489,68596.4992669174,3949342,0,1740972,8337,1493569,19815,971970,56182,95441,13214,346492,23861,299032,23252,556644,36869,619195,3874,956370,2290,626849,32213,105556,12308,71529,11572,1386223,33417,128261,11480,159688,15571,40113,7761,80540,11344,109738,16999,2153,214.5,399.7,106.7,1500.3,202.6,1022.6,133.4,1189.7,139.2,1398.6,22.9,1838.8,13.9,1463.8,126.6,482.5,113.2,106.3,50.8,2355.1,112.4,209,59.3,1062.8,132.8,197.7,71.1,383.4,102,279.2,65.2,50.0544,40.4977,25.532,45.8554,65.4497,227.3892,49.3807,33.6173,54.186,54.2227,45.1425,38.9668,226.1353,57.7589,52.1676,52.1676,52.1676,27.5735,44.8999,48.2116,31.1172,39.9609,191.7631,39.2382,697.4552,51.691,7,2,1,2,30,42,1,6,20,3,5,35,2,2,3,3,2,1,10,19,98,3918404,559297,51896,282134,9745,431467,0,85858,5678,288801,18481,5820,2058,285369,23463,6774,4014,1529.4,14,258.4,29.8,741,0,62,16.9,709.4,65.1,9.69999999999999,15.3,567.5,79.1,6.7,14.9,7.3666955153542
2020-12-31,"Oregon","41",113929,1485,95995.9328690441,4176346,244,1788855,4675,1642579,15287,849562,50461,116297,13623,499561,25832,260785,19841,274414,25277,734932,3147,867076,1251,592689,28141,87474,11080,107822,13572,1047852,21545,224732,14065,138033,13536,53366,8693,118748,11314,88758,10141,841.3,95.6,213.3,53.1,1001,112.9,362.4,53.9,250.9,46.6,788.8,20.7,736.9,15.1,634.1,60.7,182,48.4,74.6,31.2,736.6,40,222.3,40.6,509.4,73.7,106.1,34.8,209.1,51.6,98.1,22.7,17.18,22.8944,28.9796,13.8357,12.8278,95.7175,19.7778,22.6384,12.4518,22.4465,14.03,21.853,93.4197,20.8726,18.8844,18.8844,18.8844,23.3396,21.356,24.2733,18.2588,17.0334,104.2611,24.4256,312.2827,21.9905,0,3,11,1,0,15,11,1,6,0,6,24,0,0,5,2,4,1,1,13,52,4266453,360474,37673,75418,5879,552279,142,185221,8210,35842,6691,15614,3029,172818,15375,10660,5585,443.6,5.6,25.3,11.1,444.4,8.3,61,12.3,56.4,14.2,11.6,7.6,130.5,25.6,7.7,13.5,2.72795884249054
2020-12-31,"Pennsylvania","42",646060,16020,44742.2465063646,12794885,525,5713345,16183,5106601,39140,2396384,105825,351248,31319,1290352,54292,809967,45040,705891,55586,2335104,4723,2649582,1706,1761383,63403,306961,25852,246383,24974,3109767,50448,509749,28507,217645,21500,73543,12548,544554,31129,419905,35687,1364.6,97.2999999999999,345.6,52.4,1532.9,109,644.7,57.4,396.6,50.4,1357.5,8.99999999999999,1315.3,3.4,1046.6,60.7,349,52.9,65.7,18.7,850.1,38.1,343.1,40.5,513.5,51.1,85.9,26.1,530.1,64.6,299.4,38.6,23.5113,35.0894,36.4633,24.8235,16.9637,136.8512,23.8435,40.5602,17.9013,32.7182,27.1435,29.6125,147.9357,24.0913,21.0484,21.0484,21.0484,40.559,23.9986,18.4082,47.5723,40.9666,171.5047,36.0488,477.34,24.8739,0,2,3,0,0,5,2,0,1,1,3,7,1,1,5,0,0,12,5,22,35,12863275,1480789,98061,1352329,26008,971813,256,445725,13452,12224,4154,2968,2240,285943,32892,38765,18983,977.9,10.4,293.3,19.9,312,4.2,101.7,8.69999999999999,6,6.89999999999999,0.4,7.79999999999999,124.2,25,11.3,10.2,5.04936152220204
2020-12-31,"Puerto Rico","72",109906,1503,NA,NA,NA,NA,NA,NA,NA,NA,NA,NA,NA,NA,NA,NA,NA,NA,NA,NA,NA,NA,NA,NA,NA,NA,NA,NA,NA,NA,NA,NA,NA,NA,NA,NA,NA,NA,NA,NA,NA,NA,NA,NA,NA,NA,NA,NA,NA,NA,NA,NA,NA,NA,NA,NA,NA,NA,NA,NA,NA,NA,NA,NA,NA,NA,NA,NA,NA,NA,NA,NA,NA,NA,NA,NA,NA,NA,NA,NA,NA,NA,NA,NA,NA,NA,NA,NA,NA,NA,NA,NA,NA,NA,NA,NA,NA,NA,NA,NA,NA,NA,NA,NA,NA,NA,NA,NA,NA,NA,NA,NA,NA,NA,NA,NA,NA,NA,NA,NA,NA,NA,NA,NA,NA,NA,NA,NA,NA,NA,NA,NA,NA,NA,NA,NA,NA,NA,NA,NA,NA,NA,NA,NA,NA,NA,NA,NA,NA,NA,NA,NA,NA,NA
2020-12-31,"Rhode Island","44",87949,1777,1033.88818997434,1057798,0,469289,1028,414730,3763,186605,10145,31263,3101,125394,5647,80258,4663,44575,3984,182486,686,205444,112,139927,5900,28428,2934,39837,3070,302090,4880,57146,3306,4318,1013,7966,1356,37353,2712,41441,2285,73.2,6,25.3,3.6,137.1,8.5,41.2,4,16.3,2.4,97,0.8,91.3,0.1,61.7,3.9,28.4,4.5,10,1.6,85.2,2.9,50.1,4.7,5.7,1.5,5.9,1.5,36.1,4.4,22.5,2.2,0.6616,2.6129,4.0293,1.3435,0.2542,8.9015,1.3921,2.732,0.6974,1.1372,2.3979,3.2562,10.2207,1.3294,2.2187,2.2187,2.2187,4.2413,0.225,1.3543,3.2661,3.371,12.4577,2.4361,33.7986,1.5904,0,0,1,0,0,1,0,0,0,0,1,1,0,0,2,0,0,1,0,3,5,1059642,97614,7534,58680,2448,168007,0,35856,1418,2832,1034,648,409,29197,3320,6870,1653,41.4,0.1,15.7,1.2,41.1,0,12.8,1,1.5,0.7,0.3,0.5,12,2.1,2,1,8.31434735176281
2020-12-31,"South Carolina","45",307507,5296,30064.2695167699,5091517,744,2319112,7485,1961481,27004,1199778,75200,135484,19818,495719,34108,410334,33423,518723,45900,900696,3852,1108605,2292,725628,42970,139521,18304,64912,14477,1861406,31424,195237,15652,367358,27367,37506,9609,118599,16931,135224,14965,1339.6,122.4,302.4,70.5,1136.9,127.5,687.2,76.5,495.6,65.2,891.6,8.1,976.9,5.7,764.2,67.6,343.5,71.9,52.3,22.6,1989.3,44.2,179.7,30.8,1078.1,99.7,103.7,40.2,354,72.8,153.2,27.7,31.1637,32.1569,30.4423,30.7001,30.0745,154.5375,34.7754,23.4195,19.5483,25.5827,32.9475,23.6849,125.1829,30.335,36.4278,36.4278,36.4278,19.8136,36.727,24.8779,30.6988,23.9663,136.0836,32.9184,452.2318,35.7463,6,7,5,7,0,25,3,0,2,10,2,17,11,11,4,18,3,10,5,40,93,5172274,739627,67094,1337126,19515,296897,196,82800,7071,14085,4580,3384,2583,113574,20404,13540,8013,937.1,6.9,1610.1,29.2,219.6,1.2,40.4,9,15.3,7.6,1.8,6.6,92.4,27.1,8.6,9.5,6.03959487909006
2020-12-31,"South Dakota","46",99164,1488,75809.5803136092,879336,1310,396817,5569,347878,9872,178319,22694,16281,5254,74137,10056,45170,8644,82407,13806,146831,3456,215747,3101,100958,12231,19861,4957,7380,4966,164008,11332,43119,6714,34316,6298,7559,3167,17471,4575,34019,9097,1581.7,276.2,302.6,121.7,1235.5,276.9,627.3,164.6,728,164.5,1286.7,78,1653.4,86,793.6,150.6,340.4,140,37,86.1,1378.2,154.8,331.1,113.8,764.9,185.6,205.9,105.6,348.6,139.3,235.2,113.5,26.0058,18.7831,19.793,22.4435,32.4564,119.4818,20.5636,35.2684,44.3397,14.8189,22.4479,19.391,136.2659,19.2286,27.0046,27.0046,27.0046,35.8718,32.0262,27.646,24.5675,36.0243,156.1358,30.0936,438.8881,21.4325,9,11,0,2,12,34,9,20,0,9,1,39,9,9,10,5,12,7,4,38,120,885781,113854,23229,18436,2964,36088,938,12275,2813,72142,6151,494,1213,23749,6837,824,1437,1245.8,45.2,45.3,42.1,208.7,37.9,43.3,40.2,932.6,95,3.5,38.2,139.1,73.5,5.7,33.6,11.2771454825004
2020-12-31,"Tennessee","47",572579,6846,41232.4682015758,6772268,0,2996127,10331,2639455,38807,1590124,112998,177361,29351,659941,47978,547733,48497,649312,63898,1107564,8050,1507890,4749,1031667,66255,183112,25491,94290,20305,1802897,41101,258139,22003,267878,32808,48510,13316,146161,21877,158180,22689,2598.6,304,560.2,167.3,2037.1,285.4,1465.6,189.9,958.2,164,1811.1,27.3,2012.4,21.4,1829.8,176.5,574.7,155.8,66.9,51.6,1358.8,94.2,282.5,75.4,1601.9,228.4,168,84.1,510.8,146.9,297.7,68.6,60.0148,57.2464,42.5887,65.9588,57.283,283.0917,61.9373,48.2086,38.6453,68.0921,51.382,35.9694,242.2974,52.1939,34.4809,34.4809,34.4809,35.2964,62.8741,41.349,41.5382,43.2839,224.3416,41.0369,784.2116,52.5392,5,9,3,11,1,29,3,2,24,8,1,38,2,2,3,15,0,3,7,28,97,6868798,965960,97011,1118600,21959,377162,390,121808,9986,13814,6958,3439,3958,152592,27891,15482,10094,1805.5,17,691.4,48.8,358.7,5.4,70.7,25.8,25.1,22.1,5.3,18,193.5,61.6,13.1,21.2,8.45475991204128
2020-12-31,"Texas","48",1770527,28155,261267.728740873,28635442,6791,11112975,35972,9906070,103403,6682034,325051,752884,79061,2702365,128751,2884734,139506,4877069,245512,3593369,22769,7381482,15289,3241910,156551,763112,69279,1854793,115181,16784965,116909,1716810,75469,764368,79064,469756,53707,518950,56282,595587,68949,6690.4,1173.8,1308.9,634.2,5231.4,1139.8,4618.4,792.7,4419.6,922.199999999999,4632.4,399.7,6123.4,337.3,4049.8,720.6,1689.4,713.3,1203.9,556.4,11309.8,607.5,937.9,358.6,3749.4,761.1,1020.8,561.2,1285,698,1052.5,307.9,143.8335,126.1513,106.2252,185.1091,221.7723,783.0914,171.0164,106.6414,165.2334,127.1824,148.3211,203.5761,750.9544,187.8159,196.9937,196.9937,196.9937,102.5033,152.7573,189.5879,104.4132,114.1595,663.4212,142.3997,2394.4607,181.2354,33,27,19,75,146,300,29,74,19,46,104,272,76,76,19,23,81,15,41,179,827,29309927,3529322,285491,3367449,60746,11294257,8550,1396953,35066,65132,18791,21477,9994,583800,72425,55897,24353,4661.3,202.5,1531.3,260.1,8964.8,387,269.2,208.8,76.7,199.3,13.9,209.2,420.2,256.9,31,215.8,6.18299169260248
2020-12-31,"Utah","49",276612,1270,82376.8148888593,3151239,314,1110369,3206,1003345,9724,516249,32995,57829,7072,236515,13032,131710,9926,280433,21510,349010,2170,927569,1467,304264,15738,52350,6443,63696,7432,696047,12276,127599,8035,34634,5567,33721,4856,39816,5151,47887,5201,572.4,91.8,114.3,40.8,582.9,109.4,212.4,48.9,307.4,67.5,433.1,25.4,836.7,26.8,365,52.9,141.8,59.5,39.3,32.4,449,38.9,139.8,32.4,252.4,49.2,91.1,44.2,98,49.7,64.5,23.7,10.1811,8.8938,12.3182,6.258,17.2477,54.8988,9.7787,6.9949,25.6504,8.1189,11.3454,17.059,69.1686,13.6683,12.2095,12.2095,12.2095,13.9519,10.0142,18.4718,5.8615,10.0333,58.3327,8.9384,194.6096,9.6096,1,1,0,0,4,6,1,21,1,0,0,23,1,1,4,1,5,0,2,12,42,3294619,242747,25127,34982,3432,446067,171,72061,4356,27734,3997,28820,2892,79532,8464,6851,3023,336.3,13.1,14.1,8.4,269,10.7,24.2,16.9,81.6,14.9,9.8,14.5,47.2,22.9,3.4,15.7,8.7778807002579
2020-12-31,"Vermont","50",7412,136,9217.44446891127,624340,6,337214,1631,262852,4733,109188,9849,12845,2716,76834,6044,28757,3990,25031,3976,120872,890,115632,452,87819,6799,12777,2409,3618,1626,47739,3604,19738,2477,21624,3034,4150,1323,17640,3050,25476,3280,260.4,27.1,55.5,13.5,402.8,36.7,101.1,15,60.5,10.8,290.5,2.7,260.3,2,211.8,18.7,68,15.1,4.5,4.7,91.5,9.5,53.1,8.9,103.8,14.9,22.1,7.8,86.3,17.6,45.5,7.5,3.7591,4.3447,12.2553,2.6948,1.5186,24.5725,3.7151,8.9503,2.2045,6.3268,4.9056,3.0628,25.45,2.4158,2.3409,2.3409,2.3409,6.8358,5.0933,5.0053,7.858,7.9135,32.7059,6.341,85.0693,3.0933,0,0,8,0,0,8,1,0,0,0,0,1,0,0,1,0,0,0,1,2,11,614839,79150,10242,7496,1335,12518,18,10042,1477,1538,812,192,380,14981,2561,972,795,193.6,1,12.2,3.6,26.2,0.2,13.3,3,4.9,3,0.3,2,32.5,6.6,1.8,2.1,1.18717365538008
2020-12-31,"Virgin Islands","78",2031,23,NA,NA,NA,NA,NA,NA,NA,NA,NA,NA,NA,NA,NA,NA,NA,NA,NA,NA,NA,NA,NA,NA,NA,NA,NA,NA,NA,NA,NA,NA,NA,NA,NA,NA,NA,NA,NA,NA,NA,NA,NA,NA,NA,NA,NA,NA,NA,NA,NA,NA,NA,NA,NA,NA,NA,NA,NA,NA,NA,NA,NA,NA,NA,NA,NA,NA,NA,NA,NA,NA,NA,NA,NA,NA,NA,NA,NA,NA,NA,NA,NA,NA,NA,NA,NA,NA,NA,NA,NA,NA,NA,NA,NA,NA,NA,NA,NA,NA,NA,NA,NA,NA,NA,NA,NA,NA,NA,NA,NA,NA,NA,NA,NA,NA,NA,NA,NA,NA,NA,NA,NA,NA,NA,NA,NA,NA,NA,NA,NA,NA,NA,NA,NA,NA,NA,NA,NA,NA,NA,NA,NA,NA,NA,NA,NA,NA,NA,NA,NA,NA,NA,NA
2020-12-31,"Virginia","51",349584,5032,39482.0880298049,8509358,0,3537788,16991,3184121,49104,1360891,128315,202745,34924,777940,63084,563601,58978,681362,77337,1314345,11436,1868597,7568,979145,75104,195967,30807,206341,32369,3300022,68092,470839,35828,173451,29353,61760,16873,193853,31870,244432,34916,2879,422.6,668.6,238.7,3168.4,482.7,1662.8,270.8,1138.5,245,2590.2,71.7,2663.4,52,2038.4,257.9,768.6,231.6,168.3,90.8,3875.3,204.9,958.6,188.1,1237.5,246.3,210.1,124.8,832.7,250,584.7,111,53.5572,61.6592,73.6251,69.6292,63.7367,322.2074,64.1214,69.3986,42.9425,59.701,62.9666,60.4655,295.4742,50.8315,79.1225,79.1225,79.1225,73.4236,50.8812,47.2461,66.9704,65.4208,303.9421,57.5578,1000.7462,59.4535,13,11,26,9,3,62,13,4,11,12,9,49,17,17,30,6,3,20,22,81,209,8448523,875498,116457,1590974,39697,810770,1997,564706,20472,16856,7734,4680,4887,285197,44993,26839,14202,2209.8,47.7000000000001,2418.9,128.8,748.5,25,290.5,51.2,30.3,30.8,5.7,30.7,351.8,124.3,28.9,40.7,4.1082300215833
2020-12-31,"Washington","53",251064,3523,66455.0886533102,7512465,106,3150194,6442,2905822,20748,1234551,62776,188562,16526,788425,32443,431403,24791,458228,32965,1160604,3360,1653469,1278,941827,36873,150298,14088,252606,20070,2444556,34088,516579,20319,188792,15984,98921,11029,200697,14521,146985,13854,833.4,86.2,214.8,50.1,1002.8,98.5,405.9,48.6,273.3,42.1,810.1,15.5,824.8,10.5,643.8,51.9,199.7,44.3,123.7,27.6,985.3,38.5,284.7,38.1,460.4,63.5,127.9,34.8,199.4,41.8,88,17.4,14.985,23.3447,27.7525,14.4557,13.2835,93.8214,18.2718,21.6285,15.2488,20.6585,15.353,26.0864,98.9752,21.2199,22.9058,22.9058,22.9058,25.5033,20.2057,26.8171,16.0474,15.2756,103.8491,22.7877,319.5515,20.8743,1,0,6,4,0,11,10,5,3,3,9,30,3,3,7,1,6,2,2,18,62,7630350,529139,48326,279720,11237,971522,145,656578,13950,75677,8892,49219,4877,388477,23638,23363,9933,447.4,2.4,52.2,10.4,573.5,3.2,107.8,14.2,72.1,13.8,12.1,8.09999999999999,156.9,24.7,10.3,12.8,3.34196565308457
2020-12-31,"West Virginia","54",85334,1338,24041.14171356,1807426,0,893615,4643,734235,18462,481485,47774,52031,12535,151060,18580,159031,20861,109844,21034,360246,3682,365217,3262,343339,28284,37932,9046,5442,5943,152745,15983,38213,7598,130551,17016,9528,4810,62082,11648,47206,10005,1571.6,201,409.4,127.9,1008.2,172.9,782.7,125.1,340.5,88.4,1171,14.9,1089.1,15.5,1132.6,120.2,237.9,81.3,18.3,30.9,341.7,63.8,157,47.5,970.9,143.2,69.6,49.8,443.2,111.5,154.6,40.4,36.5846,39.7468,14.9424,34.2555,15.4536,140.9829,28.6191,37.5848,14.3513,41.5183,16.6116,10.89,120.956,19.1158,8.1272,8.1272,8.1272,20.9328,38.1489,14.8906,40.4307,23.5319,137.9349,28.2393,408.001,23.0191,7,17,1,5,0,30,4,0,17,0,1,22,0,0,2,5,0,11,3,21,73,1771326,287013,39493,63133,7265,28679,1759,13948,3812,3072,2850,453,1412,39146,10760,4314,3849,1017.9,8.89999999999999,129.3,26.8,66.9,14.1,26.1,17.9,8.9,14.6,0.9,11.7,100.2,40.6,9.8,16.9,4.72129979318655
2020-12-31,"Wisconsin","55",520438,5245,54167.1170291857,5806975,0,2709444,10200,2377935,24187,1038262,60924,109854,14624,587326,33131,295207,22791,312704,32247,982799,3741,1274321,1243,676631,36735,141532,16173,72450,12614,1125903,27277,297977,21218,90973,11903,38566,8011,156744,17014,144508,16257,1361.3,123,257.4,54.9,1628.1,140.6,556.5,63.9,456.7,67.8,1452,11.1,1515.7,7,964.7,72.6,358.5,68.9,52.3,24.1,835,43.9,416.2,59.8,429.9,55,121.2,38.7,377.5,72.3,177.7,37.2,20.9235,18.6476,38.3482,17.1609,19.5157,114.5959,17.299,39.5815,27.9913,22.5879,25.8225,30.0164,145.9996,18.9414,21.3389,21.3389,21.3389,45.425,20.2042,26.3476,30.4868,32.9509,155.4145,26.1865,437.3489,16.9193,0,1,2,0,2,5,11,2,0,2,0,15,1,1,7,0,1,2,1,11,32,5879893,636348,50783,360526,11484,408267,33,162010,9022,43830,6072,2174,2137,134689,17509,14407,9260,980.3,6.19999999999999,116.8,16.1,289.4,0.8,90.8,11.5,182.5,17.3,3.5,8.89999999999999,140.9,29,10.5,12,8.96229103793283
2020-12-31,"Wyoming","56",44409,438,97088.7117275742,581348,0,278495,1575,233231,6896,101100,14818,13222,3778,50691,7073,25201,5345,65297,11290,95566,1753,134800,1707,74958,8300,11804,3253,3616,2791,95532,5320,15432,3824,35396,5335,4703,2196,8857,2957,14293,2874,438.9,84.3,94.2,39.8,451.8,86,156.5,43.2,269.2,60.6,427,15.5,520.2,16.2,312.1,47.4,95.4,36.4,16.5,18.8,325.7,31.7,94.9,35.2,321.9,61.4,46.1,27.9,78.6,35.9,65.2,17.9,6.6369,8.2489,7.3593,3.9342,16.2099,42.3892,6.8299,10.8129,12.6751,7.7955,6.4144,8.7364,46.4343,6.6039,9.43,9.43,9.43,12.1714,13.9316,10.2632,4.4414,11.0703,51.8779,9.3398,150.1314,6.5484,1,0,1,0,1,3,2,4,0,0,0,6,0,0,0,0,2,0,1,3,12,580056,61287,11568,4712,1661,58854,224,4746,1696,11596,1951,482,819,14317,3550,825,1116,284.3,8,11.8,7.6,199.6,5.8,15.4,10.5,36.6,11.9,4.5,9.4,53.7,19.5,4.1,9.1,7.63897011772639
